No.,Age Group,Skill Set,Question A,Result,Question B,Result,Question C,
o,All Ages,Communication Skills,Kid is Verbal,"if ""0"", go to age 1-2
If ""2"", age wise one level down question bank",-,,-,
1,1-2,Attention & Play Skills,Focus on single toy for 30 seconds,Calculate points from 0-1-2,,,,
2,1-2,Attention & Play Skills,Explore toys by touching or mouthing ,Calculate points from 0-1-2,,,,
3,1-2,Attention & Play Skills,Maintains eye contact briefly during play,Calculate points from 0-1-2,,,,
4,1-2,Attention & Play Skills,Comfotable with turn taking,Calculate points from 0-1-2,,,,
5,1-2,Attention & Play Skills,Responds to their name during play,Calculate points from 0-1-2,,,,
6,1-2,Cognitive Skills,Recognize familiar people,Calculate points from 0-1-2,,,,
7,1-2,Cognitive Skills,Look for hidden toy,Calculate points from 0-1-2,,,,
8,1-2,Cognitive Skills,"Match simple objects (pictures, shapes)",Calculate points from 0-1-2,,,,
9,1-2,Cognitive Skills,Recognize favorite toys,Calculate points from 0-1-2,,,,
10,1-2,Cognitive Skills,Imitates a simple action,Calculate points from 0-1-2,,,,
11,1-2,Communication Skills,Respond to their name,"If ""0-1-2"", then keep in 1-2 Age Group table ",-,,-,
12,1-2,Communication Skills,"Make sounds like “ba”, “ma”","If ""0-1-2"", then keep in 1-2 table, ",-,,-,
13,1-2,Communication Skills,"Use gestures (point, wave)","If ""0-1-2"", then keep in 1-2 table, ",-,,-,
14,1-2,Communication Skills,Say 1–3 simple words,"If ""0-1-2"", then keep in 1-2 table, ",-,,-,
15,1-2,Communication Skills,Understand simple words like no / come,"If ""0-1-2"", then keep in 1-2 table, ",-,,-,
16,1-2,Communication Skills,Follow simple instruction like give me,"If ""0-1-2"", then keep in 1-2 table, ",-,,-,
17,1-2,Communication Skills,Uses picture cards to communicate,"If ""0-1-2"", then keep in 1-2 table, ",-,,-,
18,1-2,Daily living skills,Hold bottle or sippy cup,Calculate points from 0-1-2,,,,
19,1-2,Daily living skills,Help push arm through sleeve,Calculate points from 0-1-2,,,,
20,1-2,Daily living skills,Try brushing teeth or washing hands with help,Calculate points from 0-1-2,,,,
21,1-2,Daily living skills,Sit on potty with support,Calculate points from 0-1-2,,,,
22,1-2,Daily living skills,Upset with changes to their routine,Calculate points from 0-1-2,,,,
23,1-2,Fine Motor Skills,Hold toys with both hands,Calculate points from 0-1-2,,,,
24,1-2,Fine Motor Skills,Stack 2–3 blocks,Calculate points from 0-1-2,,,,
25,1-2,Fine Motor Skills,Turn pages of book,Calculate points from 0-1-2,,,,
26,1-2,Fine Motor Skills,Put objects into container,Calculate points from 0-1-2,,,,
27,1-2,Fine Motor Skills,Scribble with crayon,Calculate points from 0-1-2,,,,
28,1-2,Gross Motor Skills,Stand without support,Calculate points from 0-1-2,,,,
29,1-2,Gross Motor Skills,Walk independently,Calculate points from 0-1-2,,,,
30,1-2,Gross Motor Skills,Push toys while walking,Calculate points from 0-1-2,,,,
31,1-2,Gross Motor Skills,Throw a ball forward,Calculate points from 0-1-2,,,,
32,1-2,Gross Motor Skills,Climb onto furniture,Calculate points from 0-1-2,,,,
33,1-2,Sensory,Comfortable with loud music,Calculate points from 0-1-2,,,,
34,1-2,Sensory,Comfortable with different textures,Calculate points from 0-1-2,,,,
35,1-2,Sensory,Comfortable with crowded place,Calculate points from 0-1-2,,,,
36,1-2,Sensory,Comfortable with bright light,Calculate points from 0-1-2,,,,
37,1-2,Sensory,Comfortable on playing with water,Calculate points from 0-1-2,,,,
38,1-2,Sensory,Smell or touch objects repeatedly,Calculate points from 0-1-2,,,,
39,1-2,Sensory,"Engage in repetitive movements (e.g., hand-flapping, rocking, spinning, jumping)",Calculate points from 0-1-2,,,,
40,1-2,Social & Emotional Skills,Smile at familiar people,Calculate points from 0-1-2,,,,
41,1-2,Social & Emotional Skills,Enjoy playing with parent,Calculate points from 0-1-2,,,,
42,1-2,Social & Emotional Skills,Show toys to adults,Calculate points from 0-1-2,,,,
43,1-2,Social & Emotional Skills,Express or understand a range of emotions,Calculate points from 0-1-2,,,,
44,1-2,Social & Emotional Skills,"Like hug, cuddle or pressure on body",Calculate points from 0-1-2,,,,
45,2-3,Attention & Play Skills,Responds to 'show me' or 'where is' during play,Calculate points from 0-1-2,,,,
46,2-3,Attention & Play Skills,Shifts attention from one toy to another without meltdown,Calculate points from 0-1-2,,,,
47,2-3,Attention & Play Skills,Repeat simple play actions (feed doll etc.),Calculate points from 0-1-2,,,,
48,2-3,Attention & Play Skills,Stay focused on one task or toy for more than a few minutes,Calculate points from 0-1-2,,,,
49,2-3,Attention & Play Skills,Comfotable with turn taking,Calculate points from 0-1-2,,,,
50,2-3,Attention & Play Skills,Sits for a short structured activity (2–3 min) with adult,Calculate points from 0-1-2,,,,
51,2-3,Cognitive Skills,"Recognize colors, shapes",Calculate points from 0-1-2,,,,
52,2-3,Cognitive Skills,Sort objects by color/shapes etc.,Calculate points from 0-1-2,,,,
53,2-3,Cognitive Skills,Recognize common objects or personal objects,Calculate points from 0-1-2,,,,
54,2-3,Cognitive Skills,Complete simple puzzle,Calculate points from 0-1-2,,,,
55,2-3,Cognitive Skills,Identify body parts,Calculate points from 0-1-2,,,,
56,2-3,Cognitive Skills,"Recognize alphabets, numbers",Calculate points from 0-1-2,,,,
57,2-3,Communication Skills,Say 10–20 words,"If ""0"", then Question B
If ""1-2"", then keep in 2-3 Years table",Say 1–3 simple words,"If ""0"", then keep in 1-2 age group table
If ""1-2"", then keep in 2-3 Age group table",,
58,2-3,Communication Skills,Point to objects when named,"If ""0-1-2"", then keep in 2-3 table, ",-,,-,
59,2-3,Communication Skills,Ask for things using words,"If ""0"", then Question B
If ""1-2"", then keep in 2-3 Years table","Use gestures (point, wave)","If ""0"", then keep in 1-2 age group table
If ""1-2"", then keep in 2-3 Age group table",,
60,2-3,Communication Skills,Follow 1-step instructions like give me,"If ""0"", then Question B
If ""1-2"", then keep in 2-3 Years table",Understand simple words like no / come,"If ""0"", then keep in 1-2 age group table
If ""1-2"", then keep in 2-3 Age group table",,
61,2-3,Communication Skills,Copy simple words,"If ""0"", then Question B
If ""1-2"", then keep in 2-3 Years table",Try to Imitate sounds,"If ""0"", then keep in 1-2 age group table
If ""1-2"", then keep in 2-3 Age group table",,
62,2-3,Communication Skills,"Name familiar objects (ball, car)","If ""0-1-2"", then keep in 2-3 table, ",-,,,
63,2-3,Communication Skills,Answer simple questions in yes/no or by gesture,"If ""0-1-2"", then keep in 2-3 table, ",-,,,
64,2-3,Daily living skills,Drink from open cup,Calculate points from 0-1-2,,,,
65,2-3,Daily living skills,Use spoon with little spilling,Calculate points from 0-1-2,,,,
66,2-3,Daily living skills,Remove simple clothing,Calculate points from 0-1-2,,,,
67,2-3,Daily living skills,Try brushing teeth or washing hands with help,Calculate points from 0-1-2,,,,
68,2-3,Daily living skills,Help in tidy up of toys,Calculate points from 0-1-2,,,,
69,2-3,Daily living skills,Indicates need to use toilet,Calculate points from 0-1-2,,,,
70,2-3,Fine Motor Skills,Stack 5–6 blocks,Calculate points from 0-1-2,,,,
71,2-3,Fine Motor Skills,Turn knobs or lids,Calculate points from 0-1-2,,,,
72,2-3,Fine Motor Skills,Draw simple lines,Calculate points from 0-1-2,,,,
73,2-3,Fine Motor Skills,Snips paper with child scissors (with adult help),Calculate points from 0-1-2,,,,
74,2-3,Fine Motor Skills,Uses pincer grasp to pick up small objects,Calculate points from 0-1-2,,,,
75,2-3,Fine Motor Skills,Pulls off socks or loose shoes,Calculate points from 0-1-2,,,,
76,2-3,Gross Motor Skills,Run short distance,Calculate points from 0-1-2,,,,
77,2-3,Gross Motor Skills,Kick a ball,Calculate points from 0-1-2,,,,
78,2-3,Gross Motor Skills,Jump with both feet,Calculate points from 0-1-2,,,,
79,2-3,Gross Motor Skills,Walk up stairs with support,Calculate points from 0-1-2,,,,
80,2-3,Gross Motor Skills,Balances on one foot for 1–2 seconds with support,Calculate points from 0-1-2,,,,
81,2-3,Gross Motor Skills,Throws a ball overhand with some aim,Calculate points from 0-1-2,,,,
82,2-3,Sensory,"Comfortable with loud noise (vaccum, blender)",Calculate points from 0-1-2,,,,
83,2-3,Sensory,"Comfortable with different textures (sand, grass",Calculate points from 0-1-2,,,,
84,2-3,Sensory,Comfortable with crowded place,Calculate points from 0-1-2,,,,
85,2-3,Sensory,Comfortable with bright light,Calculate points from 0-1-2,,,,
86,2-3,Sensory,Comfortable on playing with water,Calculate points from 0-1-2,,,,
87,2-3,Sensory,Smell or touch objects repeatedly,Calculate points from 0-1-2,,,,
88,2-3,Sensory,"Engage in repetitive movements (e.g., hand-flapping, rocking, spinning, jumping)",Calculate points from 0-1-2,,,,
89,2-3,Social & Emotional Skills,Plays alongside other children (parallel play),Calculate points from 0-1-2,,,,
90,2-3,Social & Emotional Skills,Shows excitement when they see familiar peers,Calculate points from 0-1-2,,,,
91,2-3,Social & Emotional Skills,Show affection to family,Calculate points from 0-1-2,,,,
92,2-3,Social & Emotional Skills,Express or understand a range of emotions,Calculate points from 0-1-2,,,,
93,2-3,Social & Emotional Skills,Upset with changes to their routine,Calculate points from 0-1-2,,,,
94,2-3,Social & Emotional Skills,"Like hug, cuddle or pressure on body",Calculate points from 0-1-2,,,,
95,3-4,Attention & Play Skills,Play independently 3–5 minutes,Calculate points from 0-1-2,,,,
96,3-4,Attention & Play Skills,Follow simple game rules,Calculate points from 0-1-2,,,,
97,3-4,Attention & Play Skills,"Engages in pretend play (cooking, driving, shopping)",Calculate points from 0-1-2,,,,
98,3-4,Attention & Play Skills,Completes a short tabletop activity without leaving the table,Calculate points from 0-1-2,,,,
99,3-4,Attention & Play Skills,Comfortable with turn taking,Calculate points from 0-1-2,,,,
100,3-4,Attention & Play Skills,Transitions between activities without meltdown,Calculate points from 0-1-2,,,,
101,3-4,Cognitive Skills,Complete 4-6 piece puzzle,Calculate points from 0-1-2,,,,
102,3-4,Cognitive Skills,Counts objects up to 10 ,Calculate points from 0-1-2,,,,
103,3-4,Cognitive Skills,Match pictures to real object,Calculate points from 0-1-2,,,,
104,3-4,Cognitive Skills,Identifies and continues a simple pattern (red-blue-red),Calculate points from 0-1-2,,,,
105,3-4,Cognitive Skills,Names and recognises at least 5 colours,Calculate points from 0-1-2,,,,
106,3-4,Cognitive Skills,Understands concepts of 'more' and 'less',Calculate points from 0-1-2,,,,
107,3-4,Communication Skills,Speak short phrases (2–3 words),"If ""0"", then Question B
If ""1-2"", then keep in 3-4 Years table",Say 10–20 words,"If ""0"", then Question C
If ""1-2"", then keep in 2-3 Age group table",Say 1–3 simple words,"If ""0-1-2"", then keep in 1-2 table, "
108,3-4,Communication Skills,Answer simple questions in words,"If ""0"", then Question B
If ""1-2"", then keep in 3-4 Years table",Answer simple questions in Yes/No or by Gesture,"If ""0"", then Question C
If ""1-2"", then keep in 2-3 Age group table",Understand simple words like no / come,"If ""0-1-2"", then keep in 1-2 table, "
109,3-4,Communication Skills,Follow 2-step instructions,"If ""0"", then Question B
If ""1-2"", then keep in 3-4 Years table",Follow 1-step instructions like give me,"If ""0-1-2"", then keep in 1-2 table, ",,
110,3-4,Communication Skills,Use words to ask for help,"If ""0"", then Question B
If ""1-2"", then keep in 3-4 Years table",Ask for things using Words or Gestures,"If ""0-1-2"", then keep in2-3 Age group table, ",,
111,3-4,Communication Skills,Name or point common objects and colors,"If ""0-1-2"", then keep in 3-4 Age group table, ",,,,
112,3-4,Communication Skills,Understand simple stories,"If ""0"", then Question B
If ""1-2"", then keep in 3-4 Years table",Understand simple words like no / come,"If ""0-1-2"", then keep in2-3 Age group table, ",,
113,3-4,Daily living skills,Help in tidy up of toys,Calculate points from 0-1-2,,,,
114,3-4,Daily living skills,Put arms into sleeves,Calculate points from 0-1-2,,,,
115,3-4,Daily living skills,Try putting on shoes,Calculate points from 0-1-2,,,,
116,3-4,Daily living skills,Wash hands independently,Calculate points from 0-1-2,,,,
117,3-4,Daily living skills,Comfortable with toilet training,Calculate points from 0-1-2,,,,
118,3-4,Daily living skills,Upset with changes to their routine,Calculate points from 0-1-2,,,,
119,3-4,Fine Motor Skills,Draw circles,Calculate points from 0-1-2,,,,
120,3-4,Fine Motor Skills,Build tall block towers,Calculate points from 0-1-2,,,,
121,3-4,Fine Motor Skills,String large beads,Calculate points from 0-1-2,,,,
122,3-4,Fine Motor Skills,Use kid safety scissors with adult help,Calculate points from 0-1-2,,,,
123,3-4,Fine Motor Skills,Tracing letters or numbers,Calculate points from 0-1-2,,,,
124,3-4,Fine Motor Skills,Open simple containers,Calculate points from 0-1-2,,,,
125,3-4,Gross Motor Skills,Jump forward,Calculate points from 0-1-2,,,,
126,3-4,Gross Motor Skills,Stand on one foot briefly,Calculate points from 0-1-2,,,,
127,3-4,Gross Motor Skills,Catch large ball,Calculate points from 0-1-2,,,,
128,3-4,Gross Motor Skills,Ride tricycle,Calculate points from 0-1-2,,,,
129,3-4,Gross Motor Skills,Walk downstairs alternating feet,Calculate points from 0-1-2,,,,
130,3-4,Gross Motor Skills,Runs changing direction without falling,Calculate points from 0-1-2,,,,
131,3-4,Sensory,"Comfortable with loud noise (vaccum, blender)",Calculate points from 0-1-2,,,,
132,3-4,Sensory,"Comfortable with different textures (sand, grass",Calculate points from 0-1-2,,,,
133,3-4,Sensory,Comfortable with crowded place,Calculate points from 0-1-2,,,,
134,3-4,Sensory,Comfortable with bright light,Calculate points from 0-1-2,,,,
135,3-4,Sensory,Comfortable on playing with water,Calculate points from 0-1-2,,,,
136,3-4,Sensory,Smell or touch objects repeatedly,Calculate points from 0-1-2,,,,
137,3-4,Sensory,"Engage in repetitive movements (e.g., hand-flapping, rocking, spinning, jumping)",Calculate points from 0-1-2,,,,
138,3-4,Social & Emotional Skills,Shows interest in playing with other children,Calculate points from 0-1-2,,,,
139,3-4,Social & Emotional Skills,Shares toys or materials with peers,Calculate points from 0-1-2,,,,
140,3-4,Social & Emotional Skills,"Follows basic social rules (greet, say thank you)",Calculate points from 0-1-2,,,,
141,3-4,Social & Emotional Skills,Express or understand a range of emotions,Calculate points from 0-1-2,,,,
142,3-4,Social & Emotional Skills,Shows basic empathy (comforts a crying child or adult),Calculate points from 0-1-2,,,,
143,3-4,Social & Emotional Skills,Engages in simple pretend play with another child,Calculate points from 0-1-2,,,,
144,4-5,Attention & Play Skills,Focus on activity 5-10 minutes,Calculate points from 0-1-2,,,,
145,4-5,Attention & Play Skills,"Plays games with simple rules (snakes & ladders, matching)",Calculate points from 0-1-2,,,,
146,4-5,Attention & Play Skills,Complete simple tasks independently,Calculate points from 0-1-2,,,,
147,4-5,Attention & Play Skills,"Pretend play (toy cooking, driving)",Calculate points from 0-1-2,,,,
148,4-5,Attention & Play Skills,Sustains attention during a short group instruction (3–5 min),Calculate points from 0-1-2,,,,
149,4-5,Attention & Play Skills,Waits for their turn without major disruption,Calculate points from 0-1-2,,,,
150,4-5,Cognitive Skills,Count to 50,Calculate points from 0-1-2,Count to 10,,,
151,4-5,Cognitive Skills,"Understands the concept of 'first', 'next', 'last'",Calculate points from 0-1-2,,,,
152,4-5,Cognitive Skills,"Understands big/small, long/short, heavy/light",Calculate points from 0-1-2,,,,
153,4-5,Cognitive Skills,Complete 6–10 piece puzzles,Calculate points from 0-1-2,,,,
154,4-5,Cognitive Skills,"Understand 3 letter words (cat, mat, hat etc.)",Calculate points from 0-1-2,,,,
155,4-5,Cognitive Skills,"Categorises objects by type (animals, food, vehicles)",Calculate points from 0-1-2,,,,
156,4-5,Communication Skills,Speak full sentences,"If ""0"", then Question B
If ""1-2"", then keep in 4-5Age group table",Speak short phrases (2–3 words),"If ""0"", then Question C
If ""1-2"", then keep in 3-4 Years table",Say 10–20 words,"If ""0-1-2"", then keep in 2-3 Age group table, "
157,4-5,Communication Skills,Follow 3-step instructions,"If ""0"", then Question B
If ""1-2"", then keep in 4-5Age group table",Follow 1-step instructions,"If ""0-1-2"", then keep in 4-5Age group table",,
158,4-5,Communication Skills,"Expresses feelings using words (happy, sad, angry, scared)","If ""0-1-2"", then keep in 4-5Age group table",,,,
159,4-5,Communication Skills,Asks 'why' or 'how' questions to understand things,Calculate points from 0-1-2,,,,
160,4-5,Communication Skills,"Understands and uses concept words (big/small, first/last)",Calculate points from 0-1-2,,,,
161,4-5,Communication Skills,Tells a short story about a recent event in sequence,Calculate points from 0-1-2,,,,
162,4-5,Daily living skills,Dresses independently including shoes (velcro or slip-on),Calculate points from 0-1-2,,,,
163,4-5,Daily living skills,Uses the toilet independently (day-time),Calculate points from 0-1-2,,,,
164,4-5,Daily living skills,Brushing teeth & washing hands independently,Calculate points from 0-1-2,,,,
165,4-5,Daily living skills,Help in tidy up of toys,Calculate points from 0-1-2,,,,
166,4-5,Daily living skills,Eat with spoon and fork independently,Calculate points from 0-1-2,,,,
167,4-5,Daily living skills,Upset with changes to their routine,Calculate points from 0-1-2,,,,
168,4-5,Fine Motor Skills,"Draws basic shapes (circle, square, triangle)",Calculate points from 0-1-2,,,,
169,4-5,Fine Motor Skills,Cuts along a straight line with kids safety scissors,Calculate points from 0-1-2,,,,
170,4-5,Fine Motor Skills,Buttons large buttons independently,Calculate points from 0-1-2,,,,
171,4-5,Fine Motor Skills,Copies a simple pattern with blocks or beads,Calculate points from 0-1-2,,,,
172,4-5,Fine Motor Skills,Build complex block structures,Calculate points from 0-1-2,,,,
173,4-5,Fine Motor Skills,Writes some letters without tracing,Calculate points from 0-1-2,,,,
174,4-5,Gross Motor Skills,Hops on one foot at least 3 times in a row,Calculate points from 0-1-2,,,,
175,4-5,Gross Motor Skills,Skip or gallop,Calculate points from 0-1-2,,,,
176,4-5,Gross Motor Skills,Catches a smaller ball with hands only (no body),Calculate points from 0-1-2,,,,
177,4-5,Gross Motor Skills,Balance for minimum 5 seconds,Calculate points from 0-1-2,,,,
178,4-5,Gross Motor Skills,Participate in simple running games,Calculate points from 0-1-2,,,,
179,4-5,Gross Motor Skills,Doing any sports independently,Calculate points from 0-1-2,,,,
180,4-5,Sensory,"Comfortable with loud noise (vaccum, blender)",Calculate points from 0-1-2,,,,
181,4-5,Sensory,"Comfortable with different textures (sand, grass",Calculate points from 0-1-2,,,,
182,4-5,Sensory,Comfortable with crowded place,Calculate points from 0-1-2,,,,
183,4-5,Sensory,Comfortable with bright light,Calculate points from 0-1-2,,,,
184,4-5,Sensory,Comfortable on playing with water,Calculate points from 0-1-2,,,,
185,4-5,Sensory,Smell or touch objects repeatedly,Calculate points from 0-1-2,,,,
186,4-5,Sensory,"Engage in repetitive movements (e.g., hand-flapping, rocking, spinning, jumping)",Calculate points from 0-1-2,,,,
187,4-5,Social & Emotional Skills,Play cooperatively with children,Calculate points from 0-1-2,,,,
188,4-5,Social & Emotional Skills,Can comfort a peer who is upset,Calculate points from 0-1-2,,,,
189,4-5,Social & Emotional Skills,Participates in group activities or circle time,Calculate points from 0-1-2,,,,
190,4-5,Social & Emotional Skills,Express or understand a range of emotions,Calculate points from 0-1-2,,,,
191,4-5,Social & Emotional Skills,"Understands simple rules of fairness (taking turns, no hitting)",Calculate points from 0-1-2,,,,
192,4-5,Social & Emotional Skills,Meet & greet with others comfortably,Calculate points from 0-1-2,,,,
,,,,,,,,
,,,,,,,,
,,,,,,,,
,,,,,,,,
,,,,,,,,
,,,,,,,,
,,,,,,,,
,,,,,,,,
,,,,,,,,
,,,,,,,,
,,,,,,,,
,,,,,,,,
,,,,,,,,
,,,,,,,,
,,,,,,,,
,,,,,,,,
,,,,,,,,
,,,,,,,,
,,,,,,,,
,,,,,,,,
,,,,,,,,
,,,,,,,,
,,,,,,,,
,,,,,,,,
,,,,,,,,
,,,,,,,,
,,,,,,,,
,,,,,,,,
,,,,,,,,
,,,,,,,,
,,,,,,,,
,,,,,,,,
,,,,,,,,
,,,,,,,,
,,,,,,,,
,,,,,,,,
,,,,,,,,
,,,,,,,,
,,,,,,,,
,,,,,,,,
,,,,,,,,
,,,,,,,,
,,,,,,,,
,,,,,,,,
,,,,,,,,
,,,,,,,,
,,,,,,,,
,,,,,,,,
,,,,,,,,
,,,,,,,,